1950,1950001,Charlie-Parker-Charlie-Parker-Sextet/release/6237765
1950,1950002,Arsenio-Rodriguez-Estrellas-Del-Ritmo-Montunos-Cubanos-Cuban-Off-Beat/master/1186659
1950,1950003,Machito-Rhumba-With-Machito/master/1045230
1951,1951001,Miles-Davis-The-New-Sounds/master/1000170
1952,1952001,Thelonious-Monk-Genius-Of-Modern-Music/master/120707
1953,1953001,Clifford-Brown-New-Star-On-The-Horizon/master/646855
1953,1953002,Tito-Puente-Mambos-By-Tito-Puente/master/1613777

1955,1955011,Cannonball-Adderley-Presenting-Cannonball/master/285166,Julian Cannon Ball Adderley, Presenting Cannon Ball
1955,1955012,Hank-Mobley-Quartet-Hank-Mobley-Quartet/master/606541
1955,1955006,Kenny-Dorham-Afro-Cuban/master/155854
1955,1955003,Art-Blakey-Blakey/master/1103363
1955,1955007,Dave-Brubeck-Brubeck-Plays-Brubeck/master/319318
1955,1955008,Helen-Merrill-Helen-Merrill/master/210232
1955,1955005,Jackie-And-Roy-Storyville-Presents-Jackie-And-Roy/master/784092
1955,1955013,Petula-Clark-Petula-Clark-Sings/master/1600721

1956,1956007,Charles-Mingus-Mingus-At-The-Bohemia/master/249350
1956,1956009,Sonny-Rollins-Moving-Out/master/217830
1956,1956012,Paul-Chambers-Chambers-Music-A-Jazz-Delegation-From-The-East/master/279080
1956,1956011,Lee-Morgan-With-Hank-Mobleys-Quintet-Introducing-Lee-Morgan/master/329978
1956,1956013,Donald-Byrd-Byrd-Jazz/master/358005
1956,1956008,Celia-Cruz-Canta-Celia-Cruz-Celia-Cruz-Sings/release/3437099
1956,1956003,Fats-Domino-Rock-And-Rollin-With-Fats-Domino/master/288581
1956,1956001,Elvis-Presley-Elvis-Presley/master/107325

1957,1957009,Sun-Ra-Jazz-By-Sun-Ra-Vol-1/master/84360
1957,1957012,Sabu-Palo-Congo/master/18149
1957,1957002,John-Coltrane-Coltrane/master/75907
1957,1957006,Quincy-Jones-This-Is-How-I-Feel-About-Jazz/master/255515
1957,1957017,Muddy-Waters-The-Best-Of-Muddy-Waters/master/234472
1957,1957016,Little-Walter-The-Best-Of-Little-Walter/master/179495
1957,1957003,BB-King-Singin-The-Blues/master/483584
1957,1957004,Little-Richard-Heres-Little-Richard/master/305832
1957,1957001,Chuck-Berry-After-School-Session/master/194415
1957,1957015,Blossom-Dearie-Blossom-Dearie/master/212760

1958,1958002,Ornette-Coleman-Something-Else/master/61707
1958,1958006,Howlin-Wolf-Moanin-In-The-Moonlight/master/103290
1958,1958001,Sam-Cooke-Bumps-Blackwell-Orchestra-Songs-By-Sam-Cooke/master/405352
1958,1958009,The-Drifters-Rockin-Driftin/master/587288
1958,1958004,Bo-Diddley-Bo-Diddley/master/185887
1958,1958005,Buddy-Holly-Buddy-Holly/master/252597
1958,1958010,Teddy-Randazzo-Im-Confessin/release/7250890
1958,1958008,Serge-Gainsbourg-Du-Chant-La-Une-/master/4143
1958,1958007,Michel-Legrand-Legrand-Jazz/master/334768

1959,1959001,Mongo-Santamaria-Mongo/master/480926
1959,1959005,Nina-Simone-Little-Girl-Blue/master/122310
1959,1959003,Lightnin-Hopkins-The-Rooster-Crowed-in-England/master/694530
1959,1959009,Little-Anthony-The-Imperials-We-Are-The-Imperials-Featuring-Little-Anthony/master/478738
1959,1959008,The-Dells-Oh-What-A-Nite/master/547801
1959,1959012,The-Isley-Brothers-Alarido-Del-Rock-Shout/master/361712
1959,1959006,Baden-Powell-Apresentando/master/1113599
1959,1959002,Jo%C3%A3o-Gilberto-Chega-De-Saudade/master/167273

1960,1960009,Wes-Montgomery-Movin-Along/master/348273
1960,1960006,Freddie-Hubbard-Open-Sesame/master/177623
1960,1960007,Ike-Tina-Turner-The-Soul-Of-Ike-Tina-Turner/master/535500
1960,1960005,The-Coasters-One-By-One/master/490716
1960,1960002,Les-Double-Six-Encuentro-Con-Quincy-Jones/master/295359
1960,1960003,Joanie-Sommers-Positively-The-Most/master/764203
1960,1960008,The-Ventures-Walk-Dont-Run/master/213182
1960,1960004,Bill-Blacks-Combo-Saxy-Jazz/master/428093

1961,1961011,Eric-Dolphy-Out-There/master/172694
1961,1961004,Marvin-Gaye-The-Soulful-Moods-Of-Marvin-Gaye/master/260652
1961,1961003,Aretha-Franklin-With-The-Ray-Bryant-Combo-Aretha/master/332730
1961,1961010,The-Miracles-Hi-Were-The-Miracles/master/300187
1961,1961002,James-Brown-Presents-His-Band-Night-Train/master/416043
1961,1961008,S%C3%A9rgio-Mendes-Dance-Moderno/master/816414
1961,1961005,Elis-Regina-Viva-A-Brotol%C3%A2ndia/master/416133
1961,1961009,Roy-Orbison-Lonely-And-Blue/master/221271

1962,1962011,Albert-Ayler-The-First-Recordings-Vol2/master/27925
1962,1962005,Herbie-Hancock-Takin-Off/master/163780
1962,1962013,Booker-T-The-MGs-Green-Onions/master/150002
1962,1962001,Little-Stevie-Wonder-The-Jazz-Soul-Of-Little-Stevie/master/86444
1962,1962012,The-Supremes-Meet-The-Supremes/master/261338
1962,1962009,Little-Eva-Llllloco-Motion/master/352533
1962,1962002,Bob-Dylan-Bob-Dylan/master/4221
1962,1962003,Beach-Boys-Surfin-Safari/master/246896
1962,1962008,Fran%C3%A7oise-Hardy-Fran%C3%A7oise-Hardy/master/248193

1963,1963015,Prince-Buster-I-Feel-The-Spirit/master/329997
1963,1963004,Roy-Ayers-West-Coast-Vibes/master/552918
1963,1963008,Dionne-Warwick-Presenting-Dionne-Warwick/master/395320
1963,1963010,The-Chiffons-The-Chiffons/master/576049
1963,1963002,Antonio-Carlos-Jobim-The-Composer-Of-Desafinado-Plays/master/96352
1963,1963005,Marcos-Valle-Samba-Demais/master/387696
1963,1963014,Chris-Montez-Lets-Dance-And-Have-Some-Kinda-Fun--/master/405277
1963,1963012,Phil-Spector-A-Christmas-Gift-For-You-From-Phil-Spector/release/13938585
1963,1963001,The-Beatles-Please-Please-Me/master/45362

1964,1964016,Don-Drummond-One-Thousand-Years-After/release/12821880
1964,1964005,Lord-Kitchener-Lord-Kitchener/master/1249938
1964,1964001,Otis-Redding-Pain-In-My-Heart/master/154895
1964,1964013,The-Ronettes-Presenting-The-Fabulous-Ronettes-Featuring-Veronica/master/208080
1964,1964015,Quarteto-Em-Cy-Quarteto-Em-Cy/master/569827
1964,1964014,Nara-Nara/master/228548
1964,1964002,The-Rolling-Stones-12-X-5/master/30169
1964,1964008,The-Holy-Modal-Rounders-The-Holy-Modal-Rounders/master/289799
1964,1964010,Georgie-Fame-Rhythm-And-Blues-At-The-Flamingo/master/313282
1964,1964012,Dusty-Springfield-Dusty/master/388787

1965,1965008,Pharaoh-Sanders-Pharaoh/master/54214
1965,1965023,Bobby-Valentin-Young-Man-With-A-Horn/master/375046
1965,1965005,The-Zombies-The-Zombies/master/1134873
1965,1965003,The-Byrds-Mr-Tambourine-Man/master/29939
1965,1965001,The-Who-My-Generation/master/68534
1965,1965009,Donovan-Catch-The-Wind/master/6681
1965,1965012,Marianne-Faithfull-Marianne-Faithfull/master/179419
1965,1965017,Shangri-Las-Shangri-Las-65/master/285709
1965,1965021,Astrud-Gilberto-The-Astrud-Gilberto-Album/master/107174
1965,1965022,Jos%C3%A9-Feliciano-The-Voice-And-Guitar-Of-Jos%C3%A9-Feliciano/master/330525

1966,1966008,Don-Cherry-Togetherness/master/39918
1966,1966013,The-Wailing-Wailers-The-Wailing-Wailers/master/269277
1966,1966009,Terry-Callier-The-New-Folk-Sound-Of-Terry-Callier/master/90952
1966,1966003,The-Mothers-Of-Invention-Freak-Out/master/36466
1966,1966001,Cream-Fresh-Cream/master/35688
1966,1966004,Buffalo-Springfield-Buffalo-Springfield/master/14048
1966,1966002,The-Velvet-Underground-Nico-The-Velvet-Underground-Nico/master/35276
1966,1966007,Tim-Buckley-Tim-Buckley/master/72156
1966,1966012,Nancy-Sinatra-Boots/master/38856
1966,1966005,The-Spiders-Album-No1/master/892416

1967,1967022,The-Original-Ska-Talites-Ska-Authentic/master/164065
1967,1967001,Sly-The-Family-Stone-A-Whole-New-Thing/master/78486
1967,1967002,Jimi-Hendrix-And-Curtis-Knight-Get-That-Feeling/master/172850
1967,1967014,Laura-Nyro-More-Than-A-New-Discovery/master/199554
1967,1967005,David-Bowie-David-Bowie/master/50884
1967,1967019,Kenny-Rankin-Mind-Dusters/master/339727
1967,1967020,Harpers-Bizarre-Feelin-Groovy/master/232857
1967,1967008,Van-Dyke-Parks-Song-Cycle/master/87406
1967,1967018,The-Free-Design-Kites-Are-Fun/master/165218
1967,1967017,Claudine-Longet-Claudine/master/200565

1968,1968019,Archie-Bell-The-Drells-Tighten-Up/master/164930
1968,1968013,Taj-Mahal-Taj-Mahal/master/228495
1968,1968006,Willie-Colon-El-Malo/master/215731
1968,1968010,Al-Kooper-I-Stand-Alone/master/295809
1968,1968001,Led-Zeppelin-Led-Zeppelin/master/4126
1968,1968024,Silver-Apples-Silver-Apples/master/84456
1968,1968021,Peggy-Lipton-Peggy-Lipton/master/829348
1968,1968017,The-City-Now-That-Everythings-Been-Said/master/301188
1968,1968014,Roger-Nichols-The-Small-Circle-Of-Friends-Roger-Nichols-The-Small-Circle-Of-Friends/master/229909
1968,1968016,Jacks-Vacant-World-%E3%82%B8%E3%83%A3%E3%83%83%E3%82%AF%E3%82%B9%E3%81%AE%E4%B8%96%E7%95%8C/master/215327

1969,1969004,The-Meters-Look-Ka-Py-Py/master/109362
1969,1969002,The-Band-The-Band/release/6377389
1969,1969003,Crosby-Stills-Nash-Crosby-Stills-Nash/master/26121
1969,1969008,The-Allman-Brothers-Band-The-Allman-Brothers-Band/master/17260
1969,1969020,Fifth-Avenue-Band-The-Fifth-Avenue-Band/master/373387
1969,1969019,Dan-Hicks-His-Hot-Licks-Original-Recordings/master/410481
1969,1969013,Karen-Dalton-Its-So-Hard-To-Tell-Whos-Going-To-Love-You-The-Best-/master/36526
1969,1969011,Nick-Drake-Five-Leaves-Left/master/13924
1969,1969016,Kevin-Ayers-Joy-Of-A-Toy/master/23357
1969,1969005,Gal-Costa-Gal-Costa/master/117412

1970,1970001,Donny-Hathaway-Everything-Is-Everything/master/119692
1970,1970016,Curtis-Mayfield-Curtis/master/30117
1970,1970020,Kool-And-The-Gang-Kool-And-The-Gang/master/99718
1970,1970023,Funkadelic-Funkadelic/master/16234
1970,1970022,Gil-Scott-Heron-Small-Talk-At-125th-And-Lenox/master/7675
1970,1970019,The-Last-Poets-The-Last-Poets/master/83865
1970,1970009,Allen-Toussaint-Toussaint/master/138012
1970,1970011,Fela-Ransome-Kuti-And-His-Africa-70-Fela-Fela-Fela/master/934683
1970,1970005,Little-Feat-Little-Feat/master/119966
1970,1970002,John-Lennon-Plastic-Ono-Band-John-Lennon-Plastic-Ono-Band/master/72864

1971,1971001,Lee-Perry-Africas-Blood/master/93288
1971,1971008,Minnie-Riperton-Come-To-My-Garden/master/101736
1971,1971011,Linda-Lewis-Say-No-More/master/584213
1971,1971002,Earth-Wind-Fire-Earth-Wind-And-Fire/master/99450
1971,1971009,Funk-Inc-Funk-Inc/master/188858
1971,1971003,War-All-Day-Music/master/116934
1971,1971005,Weather-Report-Weather-Report/master/21670
1971,1971006,Ivan-Lins-Agora/master/875744
1971,1971012,Colin-Blunstone-One-Year/master/87140
1971,1971004,The-Doobie-Brothers-The-Doobie-Brothers/master/182365

1972,1972009,Horace-Andy-Skylarking/master/75364
1972,1972001,Professor-Longhair-New-Orleans-Piano/master/283111
1972,1972002,Steely-Dan-Cant-Buy-A-Thrill/master/16883
1972,1972005,Lou-Reed-Lou-Reed/master/44330
1972,1972007,Slapp-Happy-Sort-Of/master/37660
1972,1972008,%E9%A0%AD%E8%84%B3%E8%AD%A6%E5%AF%9F-%E9%A0%AD%E8%84%B3%E8%AD%A6%E5%AF%9F1/master/169979
1972,1972004,RC-Succession-%E5%88%9D%E6%9C%9F%E3%81%AERC%E3%82%B5%E3%82%AF%E3%82%BB%E3%82%B7%E3%83%A7%E3%83%B3/master/1157567
1972,1972003,%E5%A4%A7%E7%80%A7%E8%A9%A0%E4%B8%80-%E5%A4%A7%E7%80%A7%E8%A9%A0%E4%B8%80%E3%83%95%E3%82%A1%E3%83%BC%E3%82%B9%E3%83%88%E3%82%A2%E3%83%AB%E3%83%90%E3%83%A0/master/795517

1973,1973010,Lonnie-Liston-Smith-And-The-Cosmic-Echoes-Astral-Traveling/master/90941
1973,1973011,Dan-Penn-Nobodys-Fool/master/280100
1973,1973001,Bruce-Springsteen-The-WildInnocent-The-E-Street-Shuffle/master/27629
1973,1973007,Tom-Waits-Closing-Time/master/13918
1973,1973004,Eno-Here-Come-The-Warm-Jets/master/6152
1973,1973009,%E4%B9%85%E4%BF%9D%E7%94%B0%E9%BA%BB%E7%90%B4-%E3%81%BE%E3%81%A1%E3%81%BC%E3%81%86%E3%81%91/master/605403
1973,1973008,Haruomi-Hosono-Hosono-House/master/392100
1973,1973002,Yumi-Arai-%E8%8D%92%E4%BA%95%E7%94%B1%E5%AE%9F-Hik%C5%8D-Ki-Gumo-%E3%81%B2%E3%81%93%E3%81%86%E3%81%8D%E9%9B%B2/master/407554
1973,1973006,%E5%90%89%E7%94%B0%E7%BE%8E%E5%A5%88%E5%AD%90-%E6%89%89%E3%81%AE%E5%86%AC/master/525415
1973,1973005,%E6%9D%91%E5%85%AB%E5%88%86-%E3%83%A9%E3%82%A4%E3%83%96/master/379632

1974,1974002,King-Tubby-Meets-The-Upsetter-At-The-Grass-Roots-Of-Dub/master/131463
1974,1974008,Augustus-Pablo-This-Is-Augustus-Pablo/master/131449
1974,1974004,Cartola-Cartola/master/363981
1974,1974005,Nick-DeCaro-Italian-Graffiti/master/360603
1974,1974010,Robert-Palmer-Sneakin-Sally-Through-The-Alley/master/82544
1974,1974001,The-Residents-Meet-The-Residents/master/20938
1974,1974007,%E5%A4%96%E9%81%93-%E5%A4%96%E9%81%93/master/398234

1975,1975003,Michael-Franks-The-Art-Of-Tea/master/118794
1975,1975006,Hirth-Martinez-Hirth-From-Earth/master/866546
1975,1975001,Patti-Smith-Horses/master/40109
1975,1975004,Dr-Feelgood-Down-By-The-Jetty/master/105935
1975,1975007,Lewis-Furey-Lewis-Furey/master/236808
1975,1975005,%E9%88%B4%E6%9C%A8%E8%8C%82-Band-Wagon/master/123644
1975,1975002,Sugar-Babe-Songs/master/398344

1976,1976004,Peter-Tosh-Legalize-It/master/99972
1976,1976010,Aswad-Aswad/master/99140
1976,1976005,Djavan-A-Voz-O-Viol%C3%A3o-A-M%C3%BAsica-De-Djavan/master/310517
1976,1976011,Deniece-Williams-This-Is-Niecy/master/29988
1976,1976001,Ramones-Ramones/master/39341
1976,1976002,Throbbing-Gristle-The-Best-Of-Vol-I/master/1382831
1976,1976009,Jaco-Pastorius-Jaco-Pastorius/master/49071
1976,1976003,%E7%9F%A2%E9%87%8E%E9%A1%95%E5%AD%90-Japanese-Girl-%E6%97%A5%E6%9C%AC%E5%B0%91%E5%A5%B3/master/453484
1976,1976007,Taeko-Ohnuki-Grey-Skies/master/492681
1976,1976006,%E5%B1%B1%E4%B8%8B%E9%81%94%E9%83%8E-Circus-Town/master/778495

1977,1977001,Prince-For-You/master/22011
1977,1977012,Grace-Jones-Portfolio/master/56285
1977,1977003,Talking-Heads-Talking-Heads-77/master/39365
1977,1977002,Television-Marquee-Moon/master/6202
1977,1977005,Sex-Pistols-Never-Mind-The-Bollocks-Heres-The-Sex-Pistols-%E5%8B%9D%E6%89%8B%E3%81%AB%E3%81%97%E3%82%84%E3%81%8C%E3%82%8C/master/30445
1977,1977004,Clash-The-Clash/master/24371
1977,1977006,The-Jam-In-The-City/master/20208
1977,1977007,Elvis-Costello-My-Aim-Is-True/master/39488
1977,1977010,Suicide-Suicide/master/22168
1977,1977011,Wire-Pink-Flag/master/50645

1978,1978013,Carlton-And-The-Shoes-Love-Me-Forever/master/215977
1978,1978005,Steel-Pulse-Handsworth-Revolution/master/137649
1978,1978011,Nusrat-Fateh-Ali-Khan-Mujahid-Mubarak-Ali-Khan-Nusrat-Fateh-Ali-Khan-Mujahid-Mubarak-Ali-Khan/release/10871614
1978,1978004,The-Neville-Brothers-The-Neville-Brothers/master/236776
1978,1978007,Public-Image-Public-Image-First-Issue/master/3425
1978,1978008,XTC-Go-2/master/70147
1978,1978014,TRB-Power-In-The-Darkness/master/30833
1978,1978002,The-Police-Outlandos-DAmour/master/39188
1978,1978010,Ryuichi-Sakamoto-Thousand-Knives-Of/master/47218
1978,1978003,Yellow-Magic-Orchestra-Yellow-Magic-Orchestra/master/45096

1979,1979003,Sly-Robbie-Disco-Dub/master/65225
1979,1979004,Linton-Kwesi-Johnson-Forces-Of-Victory/master/106792
1979,1979002,The-Specials-The-Specials/master/8179
1979,1979006,The-Pop-Group-Y/master/50200
1979,1979007,The-Slits-Cut/master/42269
1979,1979011,Gang-Of-Four-Entertainment/master/6309
1979,1979001,Joy-Division-Unknown-Pleasures/master/4805
1979,1979010,Stiff-Little-Fingers-Inflammable-Material/master/41374
1979,1979012,Crass-The-Feeding-Of-The-Five-Thousand/master/10022
1979,1979009,Rickie-Lee-Jones-Rickie-Lee-Jones/master/49227

1980,1980009,Wally-Badarou-Back-To-Scales-To-Night/master/114729
1980,1980003,Sugarhill-Gang-Sugarhill-Gang/master/124359
1980,1980011,Kurtis-Blow-Kurtis-Blow/master/85522
1980,1980006,UB40-Signing-Off/master/88745
1980,1980008,New-Age-Steppers-The-New-Age-Steppers/master/19427
1980,1980004,Dead-Kennedys-Fresh-Fruit-For-Rotting-Vegetables/master/31756
1980,1980012,Young-Marble-Giants-Colossal-Youth/master/41761
1980,1980010,Toninho-Horta-Toninho-Horta/master/635623
1980,1980002,Friction-%E8%BB%8B%E8%BD%A2-Friction/master/61894
1980,1980007,NG-%E3%82%B8%E3%83%A5%E3%83%A9%E3%82%B8%E3%83%A5%E3%83%BC%E3%83%A0-%E9%9D%9E%E5%B8%B8%E9%9A%8E%E6%AE%B5-%E7%B5%82%E6%9C%AB%E5%87%A6%E7%90%86%E5%A0%B4/master/722394

1981,1981002,Salif-Keita-Kante-Manfila-Et-Les-Ambassadeurs-Internationaux-Tounkan/master/1419868
1981,1981010,Kip-Hanrahan-Coup-De-T%C3%AAte/master/141307
1981,1981005,The-Lounge-Lizards-The-Lounge-Lizards/master/117994
1981,1981004,New-Order-Movement/master/3981
1981,1981011,Black-Flag-Damaged/master/28654
1981,1981014,Minutemen-The-Punch-Line/master/29936
1981,1981013,Brave-Combo-Music-For-Squares/master/1247925
1981,1981012,Michel-Petrucciani-Michel-Petrucciani/master/305345
1981,1981003,The-Stalin-Trash/release/1328729
1981,1981007,Inu-%E3%83%A1%E3%82%B7%E5%96%B0%E3%81%86%E3%81%AA/master/364960

1982,1982002,King-Sunny-Ad%C3%A9-GMA-Maa-Jo/release/2296226
1982,1982003,Youssou-NDour-et-Le-Super-Etoile-De-Dakar-Mouride/master/542827
1982,1982007,Mad-Professor-Dub-Me-Crazy-Vol-2/master/86808
1982,1982004,Grandmaster-Flash-The-Furious-Five-The-Message/master/51253
1982,1982014,Bad-Brains-Bad-Brains/master/25074
1982,1982006,Donald-Fagen-The-Nightfly/master/65826
1982,1982009,Sonic-Youth-Sonic-Youth/master/26863
1982,1982010,Discharge-Hear-Nothing-See-Nothing-Say-Nothing/master/50683
1982,1982001,%E6%9A%97%E9%BB%92%E5%A4%A7%E9%99%B8%E3%81%98%E3%82%83%E3%81%8C%E3%81%9F%E3%82%89-%E5%8D%97%E8%9B%AE%E6%B8%A1%E6%9D%A5/master/726047

1983,1983011,Larry-Levan-Featuring-Sly-Dunbar-Robbie-Shakespeare-Gwen-Guthrie-Wally-Badarou-Darryl-Thompson-Padlo/master/152068
1983,1983002,Madonna-Madonna/master/5319
1983,1983008,Cyndi-Lauper-Shes-So-Unusual/master/28859
1983,1983001,REM-Murmur/master/14515
1983,1983005,Nick-Heyward-North-Of-A-Miracle/master/25999
1983,1983004,The-Pale-Fountains-Pacific-Street/master/87453
1983,1983003,Aztec-Camera-High-Land-Hard-Rain/master/36422
1983,1983006,Ben-Watt-North-Marine-Drive/master/126268
1983,1983007,Minor-Threat-Minor-Threat/master/9719
1983,1983012,Metallica-Kill-Em-All/master/6387

1984,1984010,Chab-Khaled-Khaled/master/64052
1984,1984002,Run-DMC-Run-DMC/master/63312
1984,1984008,Sade-Diamond-Life/master/43936
1984,1984012,The-Blue-Nile-A-Walk-Across-The-Rooftops/master/35779
1984,1984006,Prefab-Sprout-Swoon/master/25616
1984,1984005,The-Smiths-The-Smiths/master/4264
1984,1984004,Everything-But-The-Girl-Eden/master/72503
1984,1984011,Arto-Lindsay-Ambitious-Lovers-Envy/master/118000
1984,1984009,The-Red-Hot-Chili-Peppers-The-Red-Hot-Chili-Peppers/master/42499

1985,1985006,Maxi-Priest-Caution-Youre-Safe/master/206986
1985,1985001,LL-Cool-J-Radio/master/79695
1985,1985012,Big-Audio-Dynamite-This-Is-Big-Audio-Dynamite/master/34335
1985,1985011,Mantronix-The-Album/master/33491
1985,1985007,Chris-Isaak-Silvertone/master/4877
1985,1985003,The-Jesus-And-Mary-Chain-Psychocandy/master/5332
1985,1985009,The-Sisters-Of-Mercy-First-And-Last-And-Always/master/2795
1985,1985005,Fantastic-Something-Fantastic-Something/master/203122
1985,1985002,%E3%81%82%E3%81%B6%E3%82%89%E3%81%A0%E3%81%93-%E3%81%82%E3%81%B6%E3%82%89%E3%81%A0%E3%81%93/master/701345

1986,1986001,Beastie-Boys-Licensed-To-Ill/master/20090
1986,1986003,The-Flaming-Lips-Hear-It-Is/master/114228
1986,1986002,Yo-La-Tengo-Ride-The-Tiger/master/32457
1986,1986011,The-Housemartins-London-0-Hull-4/master/29500
1986,1986004,%E3%81%84%E3%81%A8%E3%81%86%E3%81%9B%E3%81%84%E3%81%93%E3%81%86-Tinnie-Punx-%E5%BB%BA%E8%A8%AD%E7%9A%84/master/646271

1987,1987001,Public-Enemy-Yo-Bum-Rush-The-Show/master/50985
1987,1987002,Boogie-Down-Productions-Criminal-Minded/master/119681
1987,1987004,Eric-B-Rakim-Paid-In-Full/master/12854
1987,1987009,Terence-Trent-DArby-Introducing-The-Hardline-According-To-Terence-Trent-DArby/master/104399
1987,1987005,Primal-Scream-Sonic-Flower-Groove/master/28338
1987,1987008,Happy-Mondays-Squirrel-And-G-Man-Twenty-Four-Hour-Party-People-Plastic-Face-Carnt-Smile-White-Out/master/10491
1987,1987013,Napalm-Death-Scum/master/6599
1987,1987012,The-Pastels-Up-For-A-Bit-With-The-Pastels/master/5763
1987,1987007,Pizzicato-Five-Couples/master/124293
1987,1987003,Mute-Beat-Flower/master/638946

1988,1988013,Ultramagnetic-MCs-Critical-Beatdown/master/58269
1988,1988010,Biz-Markie-Goin-Off/master/100973
1988,1988001,NWA-Straight-Outta-Compton/master/26117
1988,1988008,Tracy-Chapman-Tracy-Chapman/master/105802
1988,1988006,State-808-Newbuild/master/25427
1988,1988003,The-Stone-Roses-The-Stone-Roses/master/12458
1988,1988004,My-Bloody-Valentine-Isnt-Anything/master/5939
1988,1988007,Pixies-Surfer-Rosa/master/16731
1988,1988002,Brian-Wilson-Brian-Wilson/master/116619
1988,1988009,The-Boredoms-%E6%81%90%E5%B1%B1%E3%81%AE%E3%82%B9%E3%83%88%E3%82%A5%E3%83%BC%E3%82%B8%E3%82%BA%E7%8B%82-Onanie-Bomb-Meets-The-Sex-Pistols/master/8640

1989,1989008,Nice-Smooth-Nice-Smooth/master/150248
1989,1989003,De-La-Soul-3-Feet-High-And-Rising/master/8357
1989,1989002,Soul-II-Soul-Club-Classics-Vol-One/master/79393
1989,1989016,Lisa-Stansfield-Affection/master/106579
1989,1989010,Mr-Fingers-Ammnesia/master/47878
1989,1989001,Nirvana-Bleach/master/13773
1989,1989004,Nine-Inch-Nails-Pretty-Hate-Machine/master/3406
1989,1989015,Julee-Cruise-Floating-Into-The-Night/master/5103
1989,1989014,Daniel-Lanois-Acadie/master/57194
1989,1989007,Violent-Onsen-Geisha-Shocks-Shocks-Shocks/master/1601684

1990,1990011,Blaze-25-Years-Later/master/93194
1990,1990015,Ice-Cube-AmeriKKKas-Most-Wanted/master/97462
1990,1990001,A-Tribe-Called-Quest-Peoples-Instinctive-Travels-And-The-Paths-Of-Rhythm/master/45907
1990,1990009,The-Brand-New-Heavies-The-Brand-New-Heavies/master/79356
1990,1990007,Deee-Lite-World-Clique/master/110415
1990,1990013,Beats-International-Let-Them-Eat-Bingo/master/53121
1990,1990002,The-KLF-Chill-Out/master/13456
1990,1990016,Spiritualized-Lazer-Guided-Melodies/master/30278
1990,1990017,The-Las-The-Las/master/6557
1990,1990003,Fugazi-Repeater/master/4119

1991,1991002,2Pac-2Pacalypse-Now/master/1216
1991,1991007,Cypress-Hill-Cypress-Hill/master/16273
1991,1991005,R-Kelly-And-Public-Announcement-Born-Into-The-90s/master/121444
1991,1991011,Frankie-Knuckles-Beyond-The-Mix/master/125985
1991,1991001,Massive-Attack-Blue-Lines/master/32618
1991,1991013,Young-Disciples-Road-To-Freedom/master/140629
1991,1991016,Saint-Etienne-Foxbase-Alpha/master/8981
1991,1991003,Pearl-Jam-Ten/master/73824
1991,1991009,The-Jon-Spencer-Blues-Explosion-A-Reverse-Willie-Horton/release/1463634
1991,1991014,Natural-Calamity-Down-In-The-Valley-The-Field-Music-Vol1/release/234454

1992,1992001,Dr-Dre-The-Chronic/master/33951
1992,1992016,Common-Sense-Can-I-Borrow-A-Dollar/master/32368
1992,1992012,Arrested-Development-3-Years-5-Months-2-Days-In-The-Life-Of/master/77475
1992,1992006,Mary-J-Blige-Whats-The-411/master/78837
1992,1992014,Jeff-Mills-Waveform-Transmission-Vol-1/master/5943
1992,1992002,Rage-Against-The-Machine-Rage-Against-The-Machine/master/7939
1992,1992009,The-Prodigy-Experience/master/8585
1992,1992004,Pavement-Slanted-And-Enchanted/master/21660
1992,1992003,ECD-ECD/release/7266206
1992,1992011,Yann-Tomita-Music-For-Astro-Age/release/149430

1993,1993001,Snoop-Doggy-Dogg-Doggystyle/master/30129
1993,1993002,Wu-Tang-Clan-Enter-The-Wu-Tang-36-Chambers/master/25303
1993,1993018,The-Roots-Organix/master/38472
1993,1993006,Fugees-Tranzlator-Crew-Blunted-On-Reality/master/64024
1993,1993008,Jamiroquai-Emergency-On-Planet-Earth/master/69938
1993,1993005,Bj%C3%B6rk-%E7%A2%A7%E7%8E%89-Debut-%E4%B8%80%E5%80%8B%E5%B0%8F%E5%8D%B0%E5%9C%B0%E5%AE%89%E4%BA%BA-%E6%94%B9%E8%89%AF%E7%89%88/master/34486
1993,1993003,Beck-Golden-Feelings/master/284202
1993,1993004,Radiohead-Pablo-Honey/master/13344
1993,1993015,Jeff-Buckley-Live-At-Sin-%C3%A9-Promo-EP/release/14893676
1993,1993011,Latin-Playboys-Latin-Playboys/master/279889

1994,1994003,Notorious-BIG-Ready-To-Die/master/57970
1994,1994008,OutKast-Southernplayalisticadillacmuzik/master/26075
1994,1994002,Nas-Illmatic/master/20148
1994,1994007,Aaliyah-Age-Aint-Nothing-But-A-Number/master/100995
1994,1994010,Tortoise-Tortoise/master/3746
1994,1994009,Shellac-At-Action-Park/master/11213
1994,1994004,Portishead-Dummy/master/5542
1994,1994005,Oasis-Definitely-Maybe/master/52255
1994,1994012,The-Cardigans-Emmerdale/master/50848
1994,1994011,Super-Junky-Monkey-Screw-Up/master/486145

1995,1995002,DAngelo-Brown-Sugar/master/151760
1995,1995003,Tricky-Maxinquaye/master/50297
1995,1995010,Goldie-Timeless/master/184569
1995,1995011,Carl-Craig-Landcruising/master/9233
1995,1995009,Leftfield-Leftism/master/66073
1995,1995004,The-Chemical-Brothers-Exit-Planet-Dust/master/23493
1995,1995006,Noise-Addict-Meet-The-Real-You/master/125581
1995,1995001,Asian-Dub-Foundation-Facts-And-Fictions/master/77545
1995,1995005,Wilco-AM/master/81280
1995,1995007,Ron-Sexsmith-Ron-Sexsmith/master/316102

1996,1996001,Jay-Z-Reasonable-Doubt/master/9258
1996,1996008,Erykah-Badu-Baduizm/master/43655
1996,1996010,Nuyorican-Soul-Nuyorican-Soul-Album-Sampler/master/113721
1996,1996011,Derrick-May-Innovator/master/45309
1996,1996012,Marshall-Jefferson-Day-Of-The-Onion/release/12777
1996,1996002,Eminem-Infinite/master/718441
1996,1996005,DJ-Shadow-Endtroducing/master/15313
1996,1996009,Fatboy-Slim-Better-Living-Through-Chemistry/master/72881
1996,1996003,Fiona-Apple-Tidal/master/88829
1996,1996016,Juana-Molina-Rara/master/1122954

1997,1997001,Missy-Misdemeanor-Elliott-Supa-Dupa-Fly/master/81249
1997,1997014,Wyclef-Jean-Featuring-Refugee-Allstars-The-Carnival/master/110362
1997,1997008,Moodymann-Silentintroduction/master/6119
1997,1997002,Daft-Punk-Homework/master/26629
1997,1997003,Air-Moon-Safari/master/1622
1997,1997004,Tommy-Guerrero-Loose-Grooves-Bastard-Blues/master/124980
1997,1997006,Sigur-R%C3%B3s-Von/master/86902
1997,1997005,Rei-Harakami-Unrest/master/51049

1998,1998012,Black-Eyed-Peas-Behind-The-Front/master/89294
1998,1998002,Lauryn-Hill-The-Miseducation-Of-Lauryn-Hill/master/57279
1998,1998001,Underground-Resistance-Interstellar-Fugitives/master/783
1998,1998003,UNKLE-Psyence-Fiction/master/14539
1998,1998005,Rufus-Wainwright-Rufus-Wainwright/master/102408
1998,1998004,Manu-Chao-Clandestino/master/92309
1998,1998006,%E3%82%B5%E3%83%BC%E3%83%95%E3%82%A1%E3%83%BC%E3%82%BA-%E3%82%AA%E3%83%96-%E3%83%AD%E3%83%9E%E3%83%B3%E3%83%81%E3%82%AB-%E3%82%AA%E3%83%B3/master/733107

1999,1999013,Mos-Def-Black-On-Both-Sides/master/66510
1999,1999014,Roots-Manuva-Brand-New-Second-Hand/master/60301
1999,1999005,Joe-Claussell-Language/master/88340
1999,1999006,Rob-Swift-The-Ablist/master/103857
1999,1999004,Suba-S%C3%A3o-Paulo-Confessions/master/129782
1999,1999001,Basement-Jaxx-Remedy/master/31132
1999,1999002,The-White-Stripes-The-White-Stripes/master/10338

2000,2000008,Nelly-Country-Grammar/master/130085
2000,2000005,Gonzales-Gonzales-Uber-Alles/master/2686
2000,2000009,Badly-Drawn-Boy-The-Hour-Of-Bewilderbeast/master/55605
2000,2000004,The-Avalanches-The-Album/master/94960
2000,2000002,Coldplay-Parachutes/master/3334
2000,2000001,Linkin-Park-Hybrid-Theory/master/74519
2000,2000010,Ryan-Adams-Heartbreaker/master/20701
2000,2000003,Kings-Of-Convenience-Quiet-Is-The-New-Loud/master/9330

2001,2001007,NERD-In-Search-Of-Advance-CD/master/144037
2001,2001008,Alicia-Keys-Songs-In-A-Minor/master/144290
2001,2001009,IndiaArie-Acoustic-Soul/master/131018
2001,2001003,R%C3%B6yksopp-Melody-AM/master/30112
2001,2001002,Gorillaz-Gorillaz/master/57988
2001,2001001,The-Strokes-Is-This-It/master/12347

2002,2002001,50-Cent-Get-Rich-Or-Die-Tryin/master/34201
2002,2002005,Solange-Solo-Star/master/365113
2002,2002006,Roni-Size-Touching-Down/master/259252
2002,2002007,Oakenfold-Bunkka/master/18623
2002,2002004,The-Streets-Original-Pirate-Material/master/44294
2002,2002003,The-Libertines-Up-The-Bracket/master/12342
2002,2002002,Norah-Jones-Come-Away-With-Me/master/102288

2003,2003001,Beyonc%C3%A9-Dangerously-In-Love/master/41127
2003,2003015,Dizzee-Rascal-Boy-In-Da-Corner-Clean-Version/master/37683
2003,2003013,Janelle-Mon%C3%A1e-The-Audition/release/5130244
2003,2003007,Yerba-Buena-President-Alien/master/170898
2003,2003003,Amy-Winehouse-Frank/master/51290
2003,2003006,Louie-Vega-Elements-Of-Life/master/133885
2003,2003004,Yeah-Yeah-Yeahs-Fever-To-Tell/master/33406
2003,2003005,The-Rapture-Echoes/master/78275
2003,2003014,Animal-Collective-Here-Comes-The-Indian/master/5100
2003,2003002,Nujabes-Metaphorical-Music/master/344580

2004,2004006,Konono-N%C2%BA1-Congotronics/master/42203
2004,2004004,Kanye-West-The-College-Dropout/master/6983
2004,2004001,MIA-Piracy-Funds-Terrorism-Volume-1/master/241430
2004,2004002,Arcade-Fire-Funeral/master/1945
2004,2004003,The-Killers-Hot-Fuss/master/71471
2004,2004011,Kasabian-Kasabian/master/89974
2004,2004010,Franz-Ferdinand-Franz-Ferdinand/master/4334

2005,2005008,Robert-Glasper-Canvas/master/642312
2005,2005003,Rihanna-Music-Of-The-Sun/master/20282
2005,2005004,Corinne-Bailey-Rae-Corinne-Bailey-Rae/master/174124
2005,2005002,LCD-Soundsystem-LCD-Soundsystem/master/54832
2005,2005001,Arctic-Monkeys-Title-TBC/master/76279
2005,2005009,Sharon-Van-Etten-Right-Beside-Me/release/6754615

2006,2006001,DJ-Rashad-Juke-Trax-Online-Vol-3/release/3800959
2006,2006003,Antonio-Loureiro-Antonio-Loureiro/release/14126945
2006,2006004,Burial-Burial/master/11767
2006,2006011,Flying-Lotus-1983/master/39636
2006,2006012,Thom-Yorke-The-Eraser/master/78606
2006,2006002,Struggle-For-Pride-You-Bark-We-Bite/master/1356292

2007,2007009,Kamasi-Washington-The-Proclamation/release/9681423
2007,2007014,Lightspeed-Champion-Falling-Off-The-Lavender-Bridge/master/143259
2007,2007007,J-Cole-The-Come-Up-Mixtape-Vol-1/master/709972
2007,2007001,Justice-/master/35065
2007,2007012,Skepta-Greatest-Hits/master/487300
2007,2007008,Bon-Iver-For-Emma-Forever-Ago/master/97618
2007,2007010,MGMT-Oracular-Spectacular/master/26303
2007,2007002,Vampire-Weekend-Vampire-Weekend/master/3211
2007,2007013,Klaxons-Myths-Of-The-Near-Future-Bonus-Tracks/master/41642

2008,2008010,Odd-Future-The-Odd-Future-Tape/release/2791148
2008,2008003,Marcelo-Camelo-Sou/master/861460
2008,2008001,Lady-Gaga-The-Fame/master/11126
2008,2008002,Adele-19/master/28398
2008,2008004,Laura-Marling-Alas-I-Cannot-Swim/master/155360
2008,2008005,Glasvegas-A-Snowflake-Fell-And-It-Felt-Like-A-Kiss/master/216074
2008,2008006,Friendly-Fires-Friendly-Fires/master/72694
2008,2008009,Wild-Beasts-Limbo-Panto/master/173082
2008,2008007,The-Pains-Of-Being-Pure-At-Heart-The-Pains-Of-Being-Pure-At-Heart/master/53014
2008,2008008,Fuck-Buttons-Street-Horrrsing/master/8267

2009,2009007,Shafiq-Husayn-Shafiq-En-A-Free-Ka/master/186600
2009,2009006,Childish-Gambino-Poindexter/release/10665285
2009,2009008,TylerCreator-Bastard/master/738105
2009,2009009,Mumford-Sons-Sigh-No-More/master/203099
2009,2009010,The-Big-Pink-A-Brief-History-Of-Love/master/189859
2009,2009011,The-XX-xx/master/175869

2010,2010004,Kendrick-Lamar-Overly-Dedicated/master/807488
2010,2010002,Drake-Thank-Me-Later/master/289008
2010,2010006,Miguel-All-I-Want-Is-You/master/1044679
2010,2010010,Grimes-Halfaxa/master/316208
2010,2010007,Earl-Sweatshirt-Earl/master/673926
2010,2010005,Lana-Del-Ray-Lana-Del-Ray-AKA-Lizzy-Grant/release/3370444
2010,2010009,Tame-Impala-Innerspeaker/master/268496

2011,2011012,ASAP-Rocky-LiveLoveAAP/master/671307
2011,2011002,Young-Thug-2-Swamp-Izzo-I-Came-From-Nothing-2/release/4559656
2011,2011009,Frank-Ocean-nostalgia-ULTRA/release/2797126
2011,2011010,Blood-Orange-Blood-Orange-Home-Recordings-Mixtape/master/461663
2011,2011001,James-Blake-James-Blake/master/307676

2012,2012013,Michael-Kiwanuka-Home-Again/master/419029
2012,2012002,Chance-The-Rapper-10-Day/master/1087706
2012,2012003,Future-Pluto/master/646795
2012,2012012,Joey-Purp-The-Purple-Tape/release/6585549
2012,2012010,Hiatus-Kaiyote-Tawk-Tomahawk/master/540365
2012,2012009,Alabama-Shakes-Boys-Girls/master/425438
2012,2012011,Mitski-Lush/release/9475228
2012,2012014,Waxahatchee-American-Weekend/master/569957
2012,2012015,DIIV-Oshin/master/449615
2012,2012016,Pussy-Riot-%D0%A3%D0%B1%D0%B5%D0%B9-%D1%81%D0%B5%D0%BA%D1%81%D0%B8%D1%81%D1%82%D0%B0/master/1014796

2013,2013002,Laura-Mvula-Sing-To-The-Moon/master/532637
2013,2013004,Vic-Mensa-INNANETAPE/master/670930
2013,2013005,Travis-Scott-Owl-Pharaoh/master/1554099
2013,2013010,Ariana-Grande-Yours-Truly/master/593431
2013,2013001,Lorde-Pure-Heroine/master/602071
2013,2013007,Christine-And-The-Queens-Nuit-17-52/master/572804
2013,2013008,The-1975-The-1975/master/596580
2013,2013006,Savages-Silence-Yourself/master/551514
2013,2013009,King-Krule-6-Feet-Beneath-The-Moon/master/589122

2014,2014009,Benjamin-Booker-Benjamin-Booker/master/730001
2014,2014010,Little-Simz-EDGE/master/881380
2014,2014001,Birdman-2-Presents-Rich-Gang-Tha-Tour-Part-1/master/823034
2014,2014002,FKA-Twigs-LP1/master/718519
2014,2014004,Skrillex-Recess/master/666592
2014,2014006,Courtney-Barnett-Sometimes-I-Sit-And-Think-And-Sometimes-I-Just-Sit/master/812789
2014,2014007,Weyes-Blood-The-Innocents/master/759666
2014,2014005,BTS-Dark-Wild/master/1522998
2014,2014003,https://www.youtube.com/channel/UCcb0Ixexedx7eXLzgYZh6bg

2015,2015003,Mbongwana-Star-From-Kinshasa/master/845216
2015,2015005,Rae-Sremmurd-SremmLife/master/903643
2015,2015004,Leon-Bridges-Coming-Home/master/850448
2015,2015002,Tobias-Jesso-Jr-Goon/master/808870

2016,2016002,Post-Malone-August-26/release/8514772
2016,2016005,Cardi-B-Gangsta-Bitch-Music-Vol-1/master/1534276
2016,2016001,Noname-Telefone/master/1199418
2016,2016003,Kaytranada-999/master/1000756
2016,2016004,%E3%82%A4%E3%83%A9%E3%83%B3-%E3%83%A8%E3%83%B3%E3%83%A8%E3%83%B3%E3%82%B9%E3%83%B3-%EC%9A%98%EC%9A%98%EC%8A%A8/release/13364216

2017,2017006,Stormzy-Gang-Signs-Prayer/master/1140860
2017,2017002,Becca-Stevens-Regina/master/1214001
2017,2017004,Rosal%C3%ADa-Los-%C3%81ngeles/master/1170351
2017,2017005,Idles-Brutalism/master/1160857
2017,2017007,SsingSsing-SsingSsing/release/13058098
2017,2017003,Minyo-Crusaders-%E6%B0%91%E8%AC%A1%E3%82%AF%E3%83%AB%E3%82%BB%E3%82%A4%E3%83%80%E3%83%BC%E3%82%BA-Echoes-Of-Japan-%E3%82%A8%E3%82%B3%E3%83%BC%E3%82%BA%E3%82%AA%E3%83%96%E3%82%B8%E3%83%A3%E3%83%91%E3%83%B3/master/1462794

2018,2018006,Lil-Nas-X-Old-Town-Road/master/1535671
2018,2018002,Tierra-Whack-Whack-World/master/1467807
2018,2018001,Bad-Bunny-X-100PRE/master/1611526
2018,2018003,Snail-Mail-Lush/master/1375250
2018,2018004,Shame-Songs-Of-Praise/master/1287489
2018,2018005,Krimewatch-Krimewatch/master/1348447

2019,2019005,Lizzo-Cuz-I-Love-You/master/1545412
2019,2019001,Billie-Eilish-When-We-All-Fall-Asleep-Where-Do-We-Go/master/1524311
2019,2019004,slowthai-Nothing-Great-About-Britain/master/1550894
2019,2019002,Clairo-Immunity/master/1595350
2019,2019003,Fontaines-DC-Dogrel/master/1531690
2019,2019010,https://linkco.re/pdFPdhrp
2019,2019011,https://www.tunecore.co.jp/artist/GREEN-KIDS

2020,2020004,Yaeji-What-We-Drew-%EC%9A%B0%EB%A6%AC%EA%B0%80-%EA%B7%B8%EB%A0%A4%EC%99%94%EB%8D%98/master/1710756
2020,2020001,https://linkco.re/zt3Uh09M
2020,2020002,https://ssm.lnk.to/mainichirainichi/
2020,2020005,Rina-Sawayama-Sawayama/master/1720219
